id,title,authors,venue,year,citationCount,referenceCount,influentialCitationCount,doi,url
859024deadf1f43343ecc1d6f903e6c11398dadb,Decoupled DiLoCo for Resilient Distributed Pre-training,Arthur Douillard; Keith Rush; Yani Donchev; Zachary Charles; Nova Fallen; Ayush Dubey; Ionel Gog; Josef Dean; Blake Woodworth; Zachary Garrett; Nate Keating; J. Bishop; Henry Prior; Edouard Yvinec; Arthur Szlam; M. Ranzato; J. Dean,arXiv.org,2026,5,87,1,10.48550/arXiv.2604.21428,https://www.semanticscholar.org/paper/859024deadf1f43343ecc1d6f903e6c11398dadb
4b5cbb924f06763a3c785d0ccfb3bc8bd765f4a5,Brainformers: Trading Simplicity for Efficiency,Yanqi Zhou; Nan Du; Yanping Huang; Daiyi Peng; Chang Lan; Da Huang; Siamak Shakeri; David R. So; Andrew M. Dai; Yifeng Lu; Zhifeng Chen; Quoc V. Le; Claire Cui; J.H.J. Laundon; J. Dean,International Conference on Machine Learning,2023,41,50,1,10.48550/arXiv.2306.00008,https://www.semanticscholar.org/paper/4b5cbb924f06763a3c785d0ccfb3bc8bd765f4a5
094ff971d6a8b8ff870946c9b3ce5aa173617bfb,PaLM: Scaling Language Modeling with Pathways,A. Chowdhery; Sharan Narang; Jacob Devlin; Maarten Bosma; Gaurav Mishra; Adam Roberts; P. Barham; Hyung Won Chung; Charles Sutton; Sebastian Gehrmann; P. Schuh; Kensen Shi; Sasha Tsvyashchenko; Joshua Maynez; Abhishek Rao; Parker Barnes; Yi Tay; Noam Shazeer; Vinodkumar Prabhakaran; Emily Reif; Nan Du; Ben Hutchinson; Reiner Pope; James Bradbury; Jacob Austin; M. Isard; Guy Gur-Ari; Pengcheng Yin; Toju Duke; Anselm Levskaya; S. Ghemawat; Sunipa Dev; H. Michalewski; Xavier García; Vedant Misra; Kevin Robinson; L. Fedus; Denny Zhou; Daphne Ippolito; D. Luan; Hyeontaek Lim; Barret Zoph; A. Spiridonov; Ryan Sepassi; David Dohan; Shivani Agrawal; Mark Omernick; Andrew M. Dai; Thanumalayan Sankaranarayana Pillai; Marie Pellat; Aitor Lewkowycz; Erica Moreira; R. Child; Oleksandr Polozov; Katherine Lee; Zongwei Zhou; Xuezhi Wang; Brennan Saeta; Mark Díaz; Orhan Firat; Michele Catasta; Jason Wei; K. Meier-Hellstern; D. Eck; J. Dean; Slav Petrov; Noah Fiedel,Journal of machine learning research,2022,8393,173,439,,https://www.semanticscholar.org/paper/094ff971d6a8b8ff870946c9b3ce5aa173617bfb
1bc9865ebf52b59abac7f5ee4456ff2ac37fcff3,ST-MoE: Designing Stable and Transferable Sparse Expert Models,Barret Zoph; Irwan Bello; Sameer Kumar; Nan Du; Yanping Huang; J. Dean; Noam Shazeer; W. Fedus,,2022,461,91,30,,https://www.semanticscholar.org/paper/1bc9865ebf52b59abac7f5ee4456ff2ac37fcff3
379e42895f6d40ab9e9559609f505aba89145a5d,Efficiently Scaling Transformer Inference,Reiner Pope; Sholto Douglas; A. Chowdhery; Jacob Devlin; James Bradbury; Anselm Levskaya; J. Heek; Kefan Xiao; Shivani Agrawal; J. Dean,Conference on Machine Learning and Systems,2022,754,52,35,10.48550/arXiv.2211.05102,https://www.semanticscholar.org/paper/379e42895f6d40ab9e9559609f505aba89145a5d
76cb108e37d9d2a06f5a49df04e993f5fb123c26,"The Carbon Footprint of Machine Learning Training Will Plateau, Then Shrink",David A. Patterson; Joseph Gonzalez; Urs Holzle; Quoc V. Le; Chen Liang; Lluís-Miquel Munguía; D. Rothchild; David R. So; Maud Texier; J. Dean,Computer,2022,496,31,50,10.36227/techrxiv.19139645,https://www.semanticscholar.org/paper/76cb108e37d9d2a06f5a49df04e993f5fb123c26
77a256e1033c7c521ebbec416b5804f6cba13748,Author Correction: A graph placement methodology for fast chip design,Azalia Mirhoseini; Anna Goldie; Mustafa Yazgan; J. Jiang; Ebrahim M. Songhori; Shen Wang; Young-Joon Lee; Eric Johnson; Omkar Pathak; Azade Nazi; Jiwoo Pak; Andy Tong; K. Srinivasa; W. Hang; Emre Tuncer; Quoc V. Le; J. Laudon; Richard Ho; Roger Carpenter; J. Dean,Nature,2022,5,0,1,10.1038/s41586-022-04657-6,https://www.semanticscholar.org/paper/77a256e1033c7c521ebbec416b5804f6cba13748
7ae40d924c7224757e860632530ec5ccb02d209c,muNet: Evolving Pretrained Deep Neural Networks into Scalable Auto-tuning Multitask Systems,Andrea Gesmundo; J. Dean,arXiv.org,2022,22,50,3,10.48550/arXiv.2205.10937,https://www.semanticscholar.org/paper/7ae40d924c7224757e860632530ec5ccb02d209c
c9866e126cb70229e2017087f84b5db446f25a20,An Evolutionary Approach to Dynamic Introduction of Tasks in Large-scale Multitask Learning Systems,Andrea Gesmundo; J. Dean,arXiv.org,2022,31,97,6,10.48550/arXiv.2205.12755,https://www.semanticscholar.org/paper/c9866e126cb70229e2017087f84b5db446f25a20
ca086f4c09cf8de705830ac2b70951737fab93ca,A Review of Sparse Expert Models in Deep Learning,W. Fedus; J. Dean; Barret Zoph,arXiv.org,2022,215,90,11,10.48550/arXiv.2209.01667,https://www.semanticscholar.org/paper/ca086f4c09cf8de705830ac2b70951737fab93ca
cdbd4f9b6ab2e2fd1ddf5400d5ed2c18960635d1,Scaling Instruction-Finetuned Language Models,Hyung Won Chung; Le Hou; S. Longpre; Barret Zoph; Yi Tay; W. Fedus; Eric Li; Xuezhi Wang; Mostafa Dehghani; Siddhartha Brahma; Albert Webson; S. Gu; Zhuyun Dai; Mirac Suzgun; Xinyun Chen; A. Chowdhery; Dasha Valter; Sharan Narang; Gaurav Mishra; Adams Wei Yu; Vincent Y. Zhao; Yanping Huang; Andrew M. Dai; Hongkun Yu; Slav Petrov; Ed H. Chi; J. Dean; Jacob Devlin; Adam Roberts; Denny Zhou; Quoc V. Le; Jason Wei,Journal of machine learning research,2022,4423,106,454,10.48550/arXiv.2210.11416,https://www.semanticscholar.org/paper/cdbd4f9b6ab2e2fd1ddf5400d5ed2c18960635d1
dac3a172b504f4e33c029655e9befb3386e5f63a,Emergent Abilities of Large Language Models,Jason Wei; Yi Tay; Rishi Bommasani; Colin Raffel; Barret Zoph; Sebastian Borgeaud; Dani Yogatama; Maarten Bosma; Denny Zhou; Donald Metzler; Ed H. Chi; Tatsunori B. Hashimoto; O. Vinyals; P. Liang; J. Dean; W. Fedus,Trans. Mach. Learn. Res.,2022,3833,107,194,10.48550/arXiv.2206.07682,https://www.semanticscholar.org/paper/dac3a172b504f4e33c029655e9befb3386e5f63a
e47da75675b9a3fe02ef1efadca39bc8cdfcdc17,Designing Effective Sparse Expert Models,Barret Zoph; Irwan Bello; Sameer Kumar; Nan Du; Yanping Huang; J. Dean; Noam Shazeer; W. Fedus,"IEEE International Symposium on Parallel & Distributed Processing, Workshops and Phd Forum",2022,122,91,9,10.1109/IPDPSW55747.2022.00171,https://www.semanticscholar.org/paper/e47da75675b9a3fe02ef1efadca39bc8cdfcdc17
07aa07cb6791f336cb32643d54201eab295b2757,A graph placement methodology for fast chip design,Azalia Mirhoseini; Anna Goldie; Mustafa Yazgan; J. Jiang; Ebrahim M. Songhori; Shen Wang; Young-Joon Lee; Eric Johnson; Omkar Pathak; Azade Nazi; Jiwoo Pak; Andy Tong; K. Srinivasa; W. Hang; Emre Tuncer; Quoc V. Le; J. Laudon; Richard Ho; Roger Carpenter; J. Dean,Nature,2021,813,75,53,10.1038/s41586-021-03544-w,https://www.semanticscholar.org/paper/07aa07cb6791f336cb32643d54201eab295b2757
7a16d9b4e04300d034502dc7dd58428714594e2c,Carbon Emissions and Large Neural Network Training,David A. Patterson; Joseph Gonzalez; Quoc V. Le; Chen Liang; Lluís-Miquel Munguía; D. Rothchild; David R. So; Maud Texier; J. Dean,arXiv.org,2021,1238,59,99,,https://www.semanticscholar.org/paper/7a16d9b4e04300d034502dc7dd58428714594e2c
c3df199cbca74763c4ae9889409bbd4aa29b6255,Deep learning-enabled medical computer vision,A. Esteva; Katherine Chou; Serena Yeung; N. Naik; Ali Madani; A. Mottaghi; Yun Liu; E. Topol; J. Dean; R. Socher,npj Digital Medicine,2021,1263,170,35,10.1038/s41746-020-00376-2,https://www.semanticscholar.org/paper/c3df199cbca74763c4ae9889409bbd4aa29b6255
929bf1a2ff229d34f7907886989c621444c2b8fd,Chip Placement with Deep Reinforcement Learning,Azalia Mirhoseini; Anna Goldie; M. Yazgan; J. Jiang; Ebrahim M. Songhori; Shen Wang; Young-Joon Lee; Eric Johnson; Omkar Pathak; Sungmin Bae; Azade Nazi; Jiwoo Pak; Andy Tong; K. Srinivasa; W. Hang; Emre Tuncer; Ananda Babu; Quoc V. Le; J. Laudon; Richard Ho; Roger Carpenter; J. Dean,arXiv.org,2020,258,48,16,,https://www.semanticscholar.org/paper/929bf1a2ff229d34f7907886989c621444c2b8fd
ff56d18c46b6aa3c4fc03927ee0402ae0410522c,Interlocking Backpropagation: Improving depthwise model-parallelism,Aidan N. Gomez; Oscar Key; Stephen Gou; Nick Frosst; J. Dean; Y. Gal,Journal of machine learning research,2020,23,19,1,,https://www.semanticscholar.org/paper/ff56d18c46b6aa3c4fc03927ee0402ae0410522c
ff818b0ca9904936f5473f8fa904c3b585d9438e,Customization scenarios for de-identification of clinical notes,Tzvika Hartman; M. Howell; J. Dean; S. Hoory; Ronit Slyper; Itay Laish; Oren Gilon; Danny Vainstein; G. Corrado; Katherine Chou; M. J. Po; Jutta Williams; S. Ellis; Gavin Bee; Avinatan Hassidim; Rony Amira; Genady Beryozkin; Idan Szpektor; Yossi Matias,BMC Medical Informatics and Decision Making,2020,46,48,1,10.1186/s12911-020-1026-2,https://www.semanticscholar.org/paper/ff818b0ca9904936f5473f8fa904c3b585d9438e
44e1dd74f0446ec91221189ad3a65edb1a0208fe,A guide to deep learning in healthcare,A. Esteva; Alexandre Robicquet; Bharath Ramsundar; Volodymyr Kuleshov; M. DePristo; Katherine Chou; Claire Cui; Greg C. Corrado; S. Thrun; J. Dean,Nature Medicine,2019,4748,64,127,10.1038/s41591-018-0316-z,https://www.semanticscholar.org/paper/44e1dd74f0446ec91221189ad3a65edb1a0208fe
50d1aff2397adda5e43205635a7c8be391f60b05,Deep Learning for Solving Important Problems,J. Dean,The Web Conference,2019,3,0,0,10.1145/3308558.3313785,https://www.semanticscholar.org/paper/50d1aff2397adda5e43205635a7c8be391f60b05
648b5d0b5e10d8be5491ccea59a83eb08ee736ac,SysML: The New Frontier of Machine Learning Systems,Alexander J. Ratner; Dan Alistarh; G. Alonso; D. Andersen; Peter Bailis; Sarah Bird; Nicholas Carlini; Bryan Catanzaro; E. Chung; B. Dally; J. Dean; I. Dhillon; A. Dimakis; P. Dubey; C. Elkan; G. Fursin; G. Ganger; L. Getoor; Phillip B. Gibbons; Garth A. Gibson; Joseph E. Gonzalez; Justin Emile Gottschlich; Song Han; K. Hazelwood; Furong Huang; Martin Jaggi; Kevin G. Jamieson; Michael I. Jordan; Gauri Joshi; R. Khalaf; J. Knight; Jakub Konecný; Tim Kraska; Arun Kumar; Anastasios Kyrillidis; Jing Li; S. Madden; H. B. McMahan; E. Meijer; Ioannis Mitliagkas; R. Monga; D. Murray; Dimitris Papailiopoulos; Gennady Pekhimenko; Theodoros Rekatsinas; A. Rostamizadeh; C. Ré; Christopher De Sa; Hanie Sedghi; S. Sen; Virginia Smith; Alex Smola; D. Song; Evan R. Sparks; Ion Stoica; V. Sze; Madeleine Udell; J. Vanschoren; S. Venkataraman; R. Vinayak; Markus Weimer; A. Wilson; Eric P. Xing; M. Zaharia; Ce Zhang; Ameet Talwalkar,arXiv.org,2019,23,5,1,,https://www.semanticscholar.org/paper/648b5d0b5e10d8be5491ccea59a83eb08ee736ac
89ad343b049031e1016ab10efc16ff7a143fbe6e,MLSys: The New Frontier of Machine Learning Systems,Alexander J. Ratner; Dan Alistarh; G. Alonso; D. Andersen; Peter Bailis; Sarah Bird; Nicholas Carlini; Bryan Catanzaro; J. Chayes; E. Chung; B. Dally; J. Dean; I. Dhillon; A. Dimakis; P. Dubey; C. Elkan; G. Fursin; G. Ganger; L. Getoor; Phillip B. Gibbons; Garth A. Gibson; Joseph E. Gonzalez; Justin Emile Gottschlich; Song Han; K. Hazelwood; Furong Huang; Martin Jaggi; Kevin G. Jamieson; Michael I. Jordan; Gauri Joshi; R. Khalaf; J. Knight; Jakub Konecný; Tim Kraska; Arun Kumar; Anastasios Kyrillidis; Aparna Lakshmiratan; Jing Li; S. Madden; H. B. McMahan; E. Meijer; Ioannis Mitliagkas; R. Monga; D. Murray; K. Olukotun; Dimitris Papailiopoulos; Gennady Pekhimenko; Theodoros Rekatsinas; A. Rostamizadeh; Christopher Ré; Christopher De Sa; Hanie Sedghi; S. Sen; Virginia Smith; Alex Smola; D. Song; Evan R. Sparks; Ion Stoica; V. Sze; Madeleine Udell; J. Vanschoren; S. Venkataraman; R. Vinayak; Markus Weimer; A. Wilson; Eric P. Xing; M. Zaharia; Ce Zhang; Ameet Talwalkar,,2019,25,9,2,,https://www.semanticscholar.org/paper/89ad343b049031e1016ab10efc16ff7a143fbe6e
9f73c3f86026c21d0e5e55c70462952c6ada1175,Accelerating Deep Learning by Focusing on the Biggest Losers,Angela H. Jiang; Daniel L.-K. Wong; Giulio Zhou; D. Andersen; J. Dean; G. Ganger; Gauri Joshi; M. Kaminsky; M. Kozuch; Zachary Chase Lipton; Padmanabhan Pillai,arXiv.org,2019,164,32,27,,https://www.semanticscholar.org/paper/9f73c3f86026c21d0e5e55c70462952c6ada1175
22ba3276c8797fddeb5d9db083ed1010da182549,A Hierarchical Model for Device Placement,Azalia Mirhoseini; Anna Goldie; Hieu Pham; Benoit Steiner; Quoc V. Le; J. Dean,International Conference on Learning Representations,2018,169,37,20,,https://www.semanticscholar.org/paper/22ba3276c8797fddeb5d9db083ed1010da182549
5f2b66bf96ac126e274eacc2743c77d234106c1a,OPTIMISATION DE PLACEMENT DE DISPOSITIF AVEC APPRENTISSAGE DE RENFORCEMENT,S. Bengio; Mohammad Norouzi; Benoit Steiner; J. Dean; Hieu Pham; Azalia Mirhoseini; Quoc V. Le; Naveen Kumar; Yuefeng Zhou; Rasmus Larsen,,2018,0,0,0,,https://www.semanticscholar.org/paper/5f2b66bf96ac126e274eacc2743c77d234106c1a
8cc88c393e50c34355114fc147395f03068a39a8,Faster Discovery of Neural Architectures by Searching for Paths in a Large Model,Hieu Pham; M. Guan; Barret Zoph; Quoc V. Le; J. Dean,International Conference on Learning Representations,2018,12,53,1,,https://www.semanticscholar.org/paper/8cc88c393e50c34355114fc147395f03068a39a8
9be06a5e3c1399af13c62e89952d25237dd7335d,Hierarchical Planning for Device Placement,Azalia Mirhoseini; Anna Goldie; Hieu Pham; Benoit Steiner; Quoc V. Le; J. Dean,,2018,28,0,4,,https://www.semanticscholar.org/paper/9be06a5e3c1399af13c62e89952d25237dd7335d
9ed53d949959165188ab2e5fd76f686d692d43ea,Dynamic control flow in large-scale machine learning,Yuan Yu; Martín Abadi; P. Barham; E. Brevdo; M. Burrows; Andy Davis; J. Dean; S. Ghemawat; Tim Harley; Peter G. Hawkins; M. Isard; M. Kudlur; R. Monga; D. Murray; Xiaoqiang Zheng,European Conference on Computer Systems,2018,114,46,9,10.1145/3190508.3190551,https://www.semanticscholar.org/paper/9ed53d949959165188ab2e5fd76f686d692d43ea
bacab55a58d762c37d695ce892a5092f761ebc2a,A New Golden Age in Computer Architecture: Empowering the Machine-Learning Revolution,J. Dean; David A. Patterson; C. Young,IEEE Micro,2018,176,25,5,10.1109/MM.2018.112130030,https://www.semanticscholar.org/paper/bacab55a58d762c37d695ce892a5092f761ebc2a
f19275f9f7d231b6a263a9cf6b01c6dda6b38c80,"2018-00358-PhD Position / Scientific computing / Optimization , machine learning and statistical methods",M. Abadi; A. Agarwal; P. Barham; E. Brevdo; Z. Chen; C. Citro; G. Corrado; A. Davis; J. Dean; Principales activités,,2018,0,3,0,,https://www.semanticscholar.org/paper/f19275f9f7d231b6a263a9cf6b01c6dda6b38c80
fe9b8aac9fa3bfd9724db5a881a578e471e612d7,Efficient Neural Architecture Search via Parameter Sharing,Hieu Pham; M. Guan; Barret Zoph; Quoc V. Le; J. Dean,International Conference on Machine Learning,2018,3080,55,512,,https://www.semanticscholar.org/paper/fe9b8aac9fa3bfd9724db5a881a578e471e612d7
510e26733aaff585d65701b9f1be7ca9d5afc586,Outrageously Large Neural Networks: The Sparsely-Gated Mixture-of-Experts Layer,Noam Shazeer; Azalia Mirhoseini; Krzysztof Maziarz; Andy Davis; Quoc V. Le; Geoffrey E. Hinton; J. Dean,International Conference on Learning Representations,2017,5626,45,538,,https://www.semanticscholar.org/paper/510e26733aaff585d65701b9f1be7ca9d5afc586
bfbd10ebffc9494423770a5bd30ebd0f9cbce66d,Device Placement Optimization with Reinforcement Learning,Azalia Mirhoseini; Hieu Pham; Quoc V. Le; Benoit Steiner; Rasmus Larsen; Yuefeng Zhou; Naveen Kumar; Mohammad Norouzi; Samy Bengio; J. Dean,International Conference on Machine Learning,2017,496,51,40,,https://www.semanticscholar.org/paper/bfbd10ebffc9494423770a5bd30ebd0f9cbce66d
ce2c07859901697777bfe116db071f6c9686a1cf,Ju n 20 17 Device Placement Optimization with Reinforcement Learning,Azalia Mirhoseini; Hieu Pham; Quoc V. Le; Benoit Steiner; Rasmus Larsen; Yuefeng Zhou; Naveen Kumar; Mohammad Norouzi; Samy Bengio; J. Dean,,2017,1,39,0,,https://www.semanticscholar.org/paper/ce2c07859901697777bfe116db071f6c9686a1cf
acb0f36d81569220e18ab4186533e0f6dbc46462,Building Machine Learning Systems that Understand,J. Dean,SIGMOD Conference,2016,4,2,0,10.1145/2882903.2932259,https://www.semanticscholar.org/paper/acb0f36d81569220e18ab4186533e0f6dbc46462
c28eaab5ca2641e264b62a9ae83c643220bfe918,The rise of cloud computing systems,J. Dean,SOSP History Day,2015,7,3,0,10.1145/2830903.2830913,https://www.semanticscholar.org/paper/c28eaab5ca2641e264b62a9ae83c643220bfe918
78a55d9f84a63b8d6b2071e4d096800dac74f58e,Subgrouped Real Time Recurrent Learning Neural Networks,J. Dean,,1994,0,0,0,,https://www.semanticscholar.org/paper/78a55d9f84a63b8d6b2071e4d096800dac74f58e
